LBCAT,LBTEST,LBTESTCD,SPECIES,STRAIN,SEX,LBSTRESM,LBSTRESSD,LBSTRESU,N
CLINICAL CHEMISTRY,Adrenocorticotropic Hormone,ACTH,DOG,BEAGLE,F,17.42,6.65,ng/L,26
CLINICAL CHEMISTRY,Adrenocorticotropic Hormone,ACTH,DOG,BEAGLE,M,14.16,7.3,ng/L,26
CLINICAL CHEMISTRY,Adrenocorticotropic Hormone,ACTH,MONKEY,CYNOMOLGUS,F,125.99,52.51,ng/L,21
CLINICAL CHEMISTRY,Adrenocorticotropic Hormone,ACTH,MONKEY,CYNOMOLGUS,M,142.79,98.18,ng/L,21
CLINICAL CHEMISTRY,Adrenocorticotropic Hormone,ACTH,RAT,WISTAR HAN,F,165.88,71.67,ng/L,12
CLINICAL CHEMISTRY,Adrenocorticotropic Hormone,ACTH,RAT,WISTAR HAN,M,320.15,334.55,ng/L,13
CLINICAL CHEMISTRY,Albumin,ALB,DOG,BEAGLE,F,10.72,13.08,g/dL,2778
CLINICAL CHEMISTRY,Albumin,ALB,DOG,BEAGLE,M,10.37,12.49,g/dL,2794
CLINICAL CHEMISTRY,Albumin,ALB,MONKEY,CYNOMOLGUS,F,16.07,17.84,g/dL,4137
CLINICAL CHEMISTRY,Albumin,ALB,MONKEY,CYNOMOLGUS,M,15.82,17.93,g/dL,4417
CLINICAL CHEMISTRY,Albumin,ALB,MOUSE,BALB/C,F,3.24,0.16,g/dL,10
CLINICAL CHEMISTRY,Albumin,ALB,MOUSE,BALB/C,M,3.05,0.09,g/dL,12
CLINICAL CHEMISTRY,Albumin,ALB,MOUSE,C57BL/6,F,3.62,0.4,g/dL,57
CLINICAL CHEMISTRY,Albumin,ALB,MOUSE,C57BL/6,M,3.4,0.36,g/dL,86
CLINICAL CHEMISTRY,Albumin,ALB,MOUSE,CB6F1-TGN (RASH2),F,3.45,0.35,g/dL,36
CLINICAL CHEMISTRY,Albumin,ALB,MOUSE,CB6F1-TGN (RASH2),M,3.37,0.54,g/dL,47
CLINICAL CHEMISTRY,Albumin,ALB,RABBIT,NEW ZEALAND,F,18.92,12.62,g/dL,159
CLINICAL CHEMISTRY,Albumin,ALB,RABBIT,NEW ZEALAND,M,18.34,11.82,g/dL,159
CLINICAL CHEMISTRY,Albumin,ALB,RAT,SPRAGUE-DAWLEY,F,13.24,17.01,g/dL,3620
CLINICAL CHEMISTRY,Albumin,ALB,RAT,SPRAGUE-DAWLEY,M,10.83,13.9,g/dL,3710
CLINICAL CHEMISTRY,Albumin,ALB,RAT,WISTAR HAN,F,24.87,22.14,g/dL,1205
CLINICAL CHEMISTRY,Albumin,ALB,RAT,WISTAR HAN,M,22.26,19.9,g/dL,1220
CLINICAL CHEMISTRY,Albumin/Globulin,ALBGLOB,DOG,BEAGLE,F,1.55,0.41,RATIO,2719
CLINICAL CHEMISTRY,Albumin/Globulin,ALBGLOB,DOG,BEAGLE,M,1.4,0.35,RATIO,2738
CLINICAL CHEMISTRY,Albumin/Globulin,ALBGLOB,MONKEY,CYNOMOLGUS,F,1.47,0.32,RATIO,3624
CLINICAL CHEMISTRY,Albumin/Globulin,ALBGLOB,MONKEY,CYNOMOLGUS,M,1.53,0.32,RATIO,3885
CLINICAL CHEMISTRY,Albumin/Globulin,ALBGLOB,MOUSE,BALB/C,F,1.41,0.13,RATIO,8
CLINICAL CHEMISTRY,Albumin/Globulin,ALBGLOB,MOUSE,BALB/C,M,1.2,0.08,RATIO,12
CLINICAL CHEMISTRY,Albumin/Globulin,ALBGLOB,MOUSE,C57BL/6,F,2.61,0.92,RATIO,56
CLINICAL CHEMISTRY,Albumin/Globulin,ALBGLOB,MOUSE,C57BL/6,M,1.85,0.48,RATIO,84
CLINICAL CHEMISTRY,Albumin/Globulin,ALBGLOB,MOUSE,CB6F1-TGN (RASH2),F,2.62,1.53,RATIO,35
CLINICAL CHEMISTRY,Albumin/Globulin,ALBGLOB,MOUSE,CB6F1-TGN (RASH2),M,2.39,4.02,RATIO,47
CLINICAL CHEMISTRY,Albumin/Globulin,ALBGLOB,RABBIT,NEW ZEALAND,F,2.17,1.63,RATIO,130
CLINICAL CHEMISTRY,Albumin/Globulin,ALBGLOB,RABBIT,NEW ZEALAND,M,1.98,1.05,RATIO,124
CLINICAL CHEMISTRY,Albumin/Globulin,ALBGLOB,RAT,SPRAGUE-DAWLEY,F,2.09,0.94,RATIO,3540
CLINICAL CHEMISTRY,Albumin/Globulin,ALBGLOB,RAT,SPRAGUE-DAWLEY,M,1.68,0.66,RATIO,3625
CLINICAL CHEMISTRY,Albumin/Globulin,ALBGLOB,RAT,WISTAR HAN,F,2.49,0.8,RATIO,1095
CLINICAL CHEMISTRY,Albumin/Globulin,ALBGLOB,RAT,WISTAR HAN,M,2.0,0.53,RATIO,1110
CLINICAL CHEMISTRY,Alkaline Phosphatase,ALP,DOG,BEAGLE,F,84.12,44.75,IU/L,2798
CLINICAL CHEMISTRY,Alkaline Phosphatase,ALP,DOG,BEAGLE,M,87.1,46.06,IU/L,2814
CLINICAL CHEMISTRY,Alkaline Phosphatase,ALP,MONKEY,CYNOMOLGUS,F,402.22,202.96,IU/L,4032
CLINICAL CHEMISTRY,Alkaline Phosphatase,ALP,MONKEY,CYNOMOLGUS,M,540.93,241.38,IU/L,4310
CLINICAL CHEMISTRY,Alkaline Phosphatase,ALP,MOUSE,BALB/C,F,167.08,26.5,IU/L,13
CLINICAL CHEMISTRY,Alkaline Phosphatase,ALP,MOUSE,BALB/C,M,144.53,25.44,IU/L,15
CLINICAL CHEMISTRY,Alkaline Phosphatase,ALP,MOUSE,C57BL/6,F,95.58,26.51,IU/L,57
CLINICAL CHEMISTRY,Alkaline Phosphatase,ALP,MOUSE,C57BL/6,M,85.45,31.75,IU/L,86
CLINICAL CHEMISTRY,Alkaline Phosphatase,ALP,MOUSE,CB6F1-TGN (RASH2),F,138.06,24.14,IU/L,34
CLINICAL CHEMISTRY,Alkaline Phosphatase,ALP,MOUSE,CB6F1-TGN (RASH2),M,96.41,17.47,IU/L,44
CLINICAL CHEMISTRY,Alkaline Phosphatase,ALP,RABBIT,NEW ZEALAND,F,97.7,94.4,IU/L,159
CLINICAL CHEMISTRY,Alkaline Phosphatase,ALP,RABBIT,NEW ZEALAND,M,104.71,78.54,IU/L,159
CLINICAL CHEMISTRY,Alkaline Phosphatase,ALP,RAT,SPRAGUE-DAWLEY,F,77.27,51.33,IU/L,3643
CLINICAL CHEMISTRY,Alkaline Phosphatase,ALP,RAT,SPRAGUE-DAWLEY,M,138.58,80.47,IU/L,3729
CLINICAL CHEMISTRY,Alkaline Phosphatase,ALP,RAT,WISTAR HAN,F,52.59,37.79,IU/L,1285
CLINICAL CHEMISTRY,Alkaline Phosphatase,ALP,RAT,WISTAR HAN,M,100.57,50.69,IU/L,1307
CLINICAL CHEMISTRY,Alanine Aminotransferase,ALT,DOG,BEAGLE,F,30.99,9.79,IU/L,2816
CLINICAL CHEMISTRY,Alanine Aminotransferase,ALT,DOG,BEAGLE,M,34.19,13.32,IU/L,2831
CLINICAL CHEMISTRY,Alanine Aminotransferase,ALT,MONKEY,CYNOMOLGUS,F,49.66,26.73,IU/L,4104
CLINICAL CHEMISTRY,Alanine Aminotransferase,ALT,MONKEY,CYNOMOLGUS,M,50.76,25.1,IU/L,4383
CLINICAL CHEMISTRY,Alanine Aminotransferase,ALT,MOUSE,BALB/C,F,40.82,13.04,IU/L,11
CLINICAL CHEMISTRY,Alanine Aminotransferase,ALT,MOUSE,BALB/C,M,54.86,39.0,IU/L,14
CLINICAL CHEMISTRY,Alanine Aminotransferase,ALT,MOUSE,C57BL/6,F,96.29,121.47,IU/L,63
CLINICAL CHEMISTRY,Alanine Aminotransferase,ALT,MOUSE,C57BL/6,M,103.98,164.2,IU/L,87
CLINICAL CHEMISTRY,Alanine Aminotransferase,ALT,MOUSE,CB6F1-TGN (RASH2),F,51.03,63.05,IU/L,36
CLINICAL CHEMISTRY,Alanine Aminotransferase,ALT,MOUSE,CB6F1-TGN (RASH2),M,44.36,25.75,IU/L,47
CLINICAL CHEMISTRY,Alanine Aminotransferase,ALT,RABBIT,NEW ZEALAND,F,34.48,13.54,IU/L,159
CLINICAL CHEMISTRY,Alanine Aminotransferase,ALT,RABBIT,NEW ZEALAND,M,32.93,12.87,IU/L,159
CLINICAL CHEMISTRY,Alanine Aminotransferase,ALT,RAT,SPRAGUE-DAWLEY,F,36.22,24.21,IU/L,3643
CLINICAL CHEMISTRY,Alanine Aminotransferase,ALT,RAT,SPRAGUE-DAWLEY,M,40.04,25.46,IU/L,3729
CLINICAL CHEMISTRY,Alanine Aminotransferase,ALT,RAT,WISTAR HAN,F,31.02,17.24,IU/L,1279
CLINICAL CHEMISTRY,Alanine Aminotransferase,ALT,RAT,WISTAR HAN,M,38.28,20.59,IU/L,1305
CLINICAL CHEMISTRY,ALT/AST,ALTAST,MONKEY,CYNOMOLGUS,F,1.21,0.24,RATIO,34
CLINICAL CHEMISTRY,ALT/AST,ALTAST,MONKEY,CYNOMOLGUS,M,1.49,0.33,RATIO,34
CLINICAL CHEMISTRY,Amylase,AMYLASE,DOG,BEAGLE,F,515.74,120.2,IU/L,115
CLINICAL CHEMISTRY,Amylase,AMYLASE,DOG,BEAGLE,M,637.37,124.09,IU/L,115
CLINICAL CHEMISTRY,Amylase,AMYLASE,MONKEY,CYNOMOLGUS,F,436.34,146.19,IU/L,77
CLINICAL CHEMISTRY,Amylase,AMYLASE,MONKEY,CYNOMOLGUS,M,395.03,129.55,IU/L,77
CLINICAL CHEMISTRY,Amylase,AMYLASE,RAT,SPRAGUE-DAWLEY,F,732.97,468.2,IU/L,103
CLINICAL CHEMISTRY,Amylase,AMYLASE,RAT,SPRAGUE-DAWLEY,M,1130.47,753.97,IU/L,108
CLINICAL CHEMISTRY,Amylase,AMYLASE,RAT,WISTAR HAN,F,1052.35,365.36,IU/L,60
CLINICAL CHEMISTRY,Amylase,AMYLASE,RAT,WISTAR HAN,M,1856.87,461.45,IU/L,60
CLINICAL CHEMISTRY,Aspartate Aminotransferase,AST,DOG,BEAGLE,F,29.14,7.77,IU/L,2816
CLINICAL CHEMISTRY,Aspartate Aminotransferase,AST,DOG,BEAGLE,M,29.22,7.41,IU/L,2832
CLINICAL CHEMISTRY,Aspartate Aminotransferase,AST,MONKEY,CYNOMOLGUS,F,45.06,27.55,IU/L,4070
CLINICAL CHEMISTRY,Aspartate Aminotransferase,AST,MONKEY,CYNOMOLGUS,M,49.83,30.54,IU/L,4349
CLINICAL CHEMISTRY,Aspartate Aminotransferase,AST,MOUSE,BALB/C,F,123.5,82.08,IU/L,10
CLINICAL CHEMISTRY,Aspartate Aminotransferase,AST,MOUSE,BALB/C,M,114.07,85.3,IU/L,14
CLINICAL CHEMISTRY,Aspartate Aminotransferase,AST,MOUSE,C57BL/6,F,148.8,132.15,IU/L,55
CLINICAL CHEMISTRY,Aspartate Aminotransferase,AST,MOUSE,C57BL/6,M,162.78,153.9,IU/L,72
CLINICAL CHEMISTRY,Aspartate Aminotransferase,AST,MOUSE,CB6F1-TGN (RASH2),F,69.32,28.37,IU/L,25
CLINICAL CHEMISTRY,Aspartate Aminotransferase,AST,MOUSE,CB6F1-TGN (RASH2),M,73.26,29.73,IU/L,35
CLINICAL CHEMISTRY,Aspartate Aminotransferase,AST,RABBIT,NEW ZEALAND,F,19.88,10.54,IU/L,159
CLINICAL CHEMISTRY,Aspartate Aminotransferase,AST,RABBIT,NEW ZEALAND,M,19.4,11.76,IU/L,159
CLINICAL CHEMISTRY,Aspartate Aminotransferase,AST,RAT,SPRAGUE-DAWLEY,F,108.07,70.91,IU/L,3623
CLINICAL CHEMISTRY,Aspartate Aminotransferase,AST,RAT,SPRAGUE-DAWLEY,M,108.59,59.5,IU/L,3709
CLINICAL CHEMISTRY,Aspartate Aminotransferase,AST,RAT,WISTAR HAN,F,85.72,30.62,IU/L,1285
CLINICAL CHEMISTRY,Aspartate Aminotransferase,AST,RAT,WISTAR HAN,M,90.58,33.07,IU/L,1307
CLINICAL CHEMISTRY,Beta-Hydroxybutyrate,BHYXBTR,MONKEY,CYNOMOLGUS,F,0.18,0.08,mmol/L,21
CLINICAL CHEMISTRY,Beta-Hydroxybutyrate,BHYXBTR,MONKEY,CYNOMOLGUS,M,0.15,0.04,mmol/L,21
CLINICAL CHEMISTRY,Beta-Hydroxybutyrate,BHYXBTR,MOUSE,C57BL/6,F,0.51,0.21,mmol/L,18
CLINICAL CHEMISTRY,Beta-Hydroxybutyrate,BHYXBTR,MOUSE,C57BL/6,M,0.23,0.05,mmol/L,14
CLINICAL CHEMISTRY,Beta-Hydroxybutyrate,BHYXBTR,RAT,WISTAR HAN,F,1.37,0.2,mmol/L,20
CLINICAL CHEMISTRY,Beta-Hydroxybutyrate,BHYXBTR,RAT,WISTAR HAN,M,1.41,0.33,mmol/L,20
CLINICAL CHEMISTRY,Bicarbonate,BICARB,DOG,BEAGLE,F,21.65,2.53,mEq/L,204
CLINICAL CHEMISTRY,Bicarbonate,BICARB,DOG,BEAGLE,M,21.68,2.1,mEq/L,206
CLINICAL CHEMISTRY,Bicarbonate,BICARB,MONKEY,CYNOMOLGUS,F,20.41,3.86,mEq/L,297
CLINICAL CHEMISTRY,Bicarbonate,BICARB,MONKEY,CYNOMOLGUS,M,20.84,4.45,mEq/L,303
CLINICAL CHEMISTRY,Bicarbonate,BICARB,RAT,SPRAGUE-DAWLEY,F,24.47,4.55,mEq/L,187
CLINICAL CHEMISTRY,Bicarbonate,BICARB,RAT,SPRAGUE-DAWLEY,M,26.63,3.78,mEq/L,190
CLINICAL CHEMISTRY,Bicarbonate,BICARB,RAT,WISTAR HAN,F,20.63,4.44,mEq/L,219
CLINICAL CHEMISTRY,Bicarbonate,BICARB,RAT,WISTAR HAN,M,21.63,4.81,mEq/L,219
CLINICAL CHEMISTRY,Direct Bilirubin,BILDIR,DOG,BEAGLE,F,0.3,0.46,umol/L,100
CLINICAL CHEMISTRY,Direct Bilirubin,BILDIR,DOG,BEAGLE,M,0.27,0.43,umol/L,86
CLINICAL CHEMISTRY,Direct Bilirubin,BILDIR,MONKEY,CYNOMOLGUS,F,0.87,0.67,umol/L,328
CLINICAL CHEMISTRY,Direct Bilirubin,BILDIR,MONKEY,CYNOMOLGUS,M,0.83,0.51,umol/L,328
CLINICAL CHEMISTRY,Direct Bilirubin,BILDIR,RAT,SPRAGUE-DAWLEY,F,0.42,0.5,umol/L,172
CLINICAL CHEMISTRY,Direct Bilirubin,BILDIR,RAT,SPRAGUE-DAWLEY,M,0.38,0.44,umol/L,173
CLINICAL CHEMISTRY,Direct Bilirubin,BILDIR,RAT,WISTAR HAN,F,1.18,0.15,umol/L,16
CLINICAL CHEMISTRY,Direct Bilirubin,BILDIR,RAT,WISTAR HAN,M,1.04,0.05,umol/L,8
CLINICAL CHEMISTRY,Bile Acid,BILEAC,DOG,BEAGLE,F,7.29,23.91,umol/L,112
CLINICAL CHEMISTRY,Bile Acid,BILEAC,DOG,BEAGLE,M,3.08,10.17,umol/L,115
CLINICAL CHEMISTRY,Bile Acid,BILEAC,MONKEY,CYNOMOLGUS,F,5.18,4.42,umol/L,147
CLINICAL CHEMISTRY,Bile Acid,BILEAC,MONKEY,CYNOMOLGUS,M,5.05,4.68,umol/L,141
CLINICAL CHEMISTRY,Bile Acid,BILEAC,MOUSE,C57BL/6,F,19.56,23.56,umol/L,19
CLINICAL CHEMISTRY,Bile Acid,BILEAC,MOUSE,C57BL/6,M,29.03,24.42,umol/L,14
CLINICAL CHEMISTRY,Bile Acid,BILEAC,RAT,SPRAGUE-DAWLEY,F,21.86,18.0,umol/L,23
CLINICAL CHEMISTRY,Bile Acid,BILEAC,RAT,SPRAGUE-DAWLEY,M,14.93,11.24,umol/L,30
CLINICAL CHEMISTRY,Bile Acid,BILEAC,RAT,WISTAR HAN,F,16.76,15.01,umol/L,159
CLINICAL CHEMISTRY,Bile Acid,BILEAC,RAT,WISTAR HAN,M,15.02,16.97,umol/L,160
CLINICAL CHEMISTRY,Bilirubin,BILI,DOG,BEAGLE,F,0.4,0.6,umol/L,1769
CLINICAL CHEMISTRY,Bilirubin,BILI,DOG,BEAGLE,M,0.34,0.51,umol/L,1655
CLINICAL CHEMISTRY,Bilirubin,BILI,MONKEY,CYNOMOLGUS,F,1.39,2.24,umol/L,3959
CLINICAL CHEMISTRY,Bilirubin,BILI,MONKEY,CYNOMOLGUS,M,1.26,2.02,umol/L,4227
CLINICAL CHEMISTRY,Bilirubin,BILI,MOUSE,BALB/C,F,0.19,0.05,umol/L,11
CLINICAL CHEMISTRY,Bilirubin,BILI,MOUSE,BALB/C,M,0.23,0.13,umol/L,15
CLINICAL CHEMISTRY,Bilirubin,BILI,MOUSE,C57BL/6,F,0.08,0.06,umol/L,26
CLINICAL CHEMISTRY,Bilirubin,BILI,MOUSE,C57BL/6,M,0.1,0.07,umol/L,51
CLINICAL CHEMISTRY,Bilirubin,BILI,MOUSE,CB6F1-TGN (RASH2),F,0.13,0.05,umol/L,19
CLINICAL CHEMISTRY,Bilirubin,BILI,MOUSE,CB6F1-TGN (RASH2),M,0.14,0.06,umol/L,23
CLINICAL CHEMISTRY,Bilirubin,BILI,RABBIT,NEW ZEALAND,F,0.54,0.83,umol/L,80
CLINICAL CHEMISTRY,Bilirubin,BILI,RABBIT,NEW ZEALAND,M,0.45,0.75,umol/L,74
CLINICAL CHEMISTRY,Bilirubin,BILI,RAT,SPRAGUE-DAWLEY,F,0.52,0.9,umol/L,2894
CLINICAL CHEMISTRY,Bilirubin,BILI,RAT,SPRAGUE-DAWLEY,M,0.44,0.96,umol/L,2803
CLINICAL CHEMISTRY,Bilirubin,BILI,RAT,WISTAR HAN,F,0.72,1.03,umol/L,657
CLINICAL CHEMISTRY,Bilirubin,BILI,RAT,WISTAR HAN,M,0.63,0.93,umol/L,584
CLINICAL CHEMISTRY,Indirect Bilirubin,BILIND,DOG,BEAGLE,F,0.44,0.81,umol/L,62
CLINICAL CHEMISTRY,Indirect Bilirubin,BILIND,DOG,BEAGLE,M,0.43,0.77,umol/L,57
CLINICAL CHEMISTRY,Indirect Bilirubin,BILIND,MONKEY,CYNOMOLGUS,F,1.65,1.94,umol/L,119
CLINICAL CHEMISTRY,Indirect Bilirubin,BILIND,MONKEY,CYNOMOLGUS,M,1.77,2.79,umol/L,117
CLINICAL CHEMISTRY,Indirect Bilirubin,BILIND,RAT,SPRAGUE-DAWLEY,F,0.84,0.89,umol/L,117
CLINICAL CHEMISTRY,Indirect Bilirubin,BILIND,RAT,SPRAGUE-DAWLEY,M,0.69,0.63,umol/L,111
CLINICAL CHEMISTRY,Blood urea nitrogen,BUN,DOG,BEAGLE,F,14.9,4.11,mg/dL,20
CLINICAL CHEMISTRY,Blood urea nitrogen,BUN,DOG,BEAGLE,M,13.85,3.34,mg/dL,20
CLINICAL CHEMISTRY,Blood urea nitrogen,BUN,MONKEY,CYNOMOLGUS,F,17.67,2.81,mg/dL,12
CLINICAL CHEMISTRY,Blood urea nitrogen,BUN,MONKEY,CYNOMOLGUS,M,20.5,3.48,mg/dL,12
CLINICAL CHEMISTRY,Blood urea nitrogen,BUN,RABBIT,NEW ZEALAND,F,28.99,8.51,mg/dL,14
CLINICAL CHEMISTRY,Blood urea nitrogen,BUN,RABBIT,NEW ZEALAND,M,19.9,4.87,mg/dL,14
CLINICAL CHEMISTRY,Blood urea nitrogen,BUN,RAT,SPRAGUE-DAWLEY,F,15.99,3.93,mg/dL,63
CLINICAL CHEMISTRY,Blood urea nitrogen,BUN,RAT,SPRAGUE-DAWLEY,M,13.69,4.34,mg/dL,70
CLINICAL CHEMISTRY,Calcium,CA,DOG,BEAGLE,F,8.63,3.48,mg/dL,2747
CLINICAL CHEMISTRY,Calcium,CA,DOG,BEAGLE,M,8.61,3.5,mg/dL,2764
CLINICAL CHEMISTRY,Calcium,CA,MONKEY,CYNOMOLGUS,F,8.03,3.54,mg/dL,4050
CLINICAL CHEMISTRY,Calcium,CA,MONKEY,CYNOMOLGUS,M,8.15,3.49,mg/dL,4330
CLINICAL CHEMISTRY,Calcium,CA,MOUSE,BALB/C,F,10.1,0.23,mg/dL,6
CLINICAL CHEMISTRY,Calcium,CA,MOUSE,BALB/C,M,10.37,0.46,mg/dL,9
CLINICAL CHEMISTRY,Calcium,CA,MOUSE,C57BL/6,F,9.97,0.75,mg/dL,16
CLINICAL CHEMISTRY,Calcium,CA,MOUSE,C57BL/6,M,10.23,0.74,mg/dL,44
CLINICAL CHEMISTRY,Calcium,CA,MOUSE,CB6F1-TGN (RASH2),F,10.29,1.0,mg/dL,14
CLINICAL CHEMISTRY,Calcium,CA,MOUSE,CB6F1-TGN (RASH2),M,10.48,1.13,mg/dL,27
CLINICAL CHEMISTRY,Calcium,CA,RABBIT,NEW ZEALAND,F,7.04,4.7,mg/dL,152
CLINICAL CHEMISTRY,Calcium,CA,RABBIT,NEW ZEALAND,M,7.03,4.71,mg/dL,152
CLINICAL CHEMISTRY,Calcium,CA,RAT,SPRAGUE-DAWLEY,F,9.47,3.64,mg/dL,3615
CLINICAL CHEMISTRY,Calcium,CA,RAT,SPRAGUE-DAWLEY,M,9.25,3.49,mg/dL,3705
CLINICAL CHEMISTRY,Calcium,CA,RAT,WISTAR HAN,F,6.89,4.28,mg/dL,1235
CLINICAL CHEMISTRY,Calcium,CA,RAT,WISTAR HAN,M,6.84,4.18,mg/dL,1250
CLINICAL CHEMISTRY,Cholesterol,CHOL,DOG,BEAGLE,F,115.62,72.0,mg/dL,2778
CLINICAL CHEMISTRY,Cholesterol,CHOL,DOG,BEAGLE,M,115.61,71.56,mg/dL,2794
CLINICAL CHEMISTRY,Cholesterol,CHOL,MONKEY,CYNOMOLGUS,F,93.52,64.11,mg/dL,4140
CLINICAL CHEMISTRY,Cholesterol,CHOL,MONKEY,CYNOMOLGUS,M,93.78,63.03,mg/dL,4428
CLINICAL CHEMISTRY,Cholesterol,CHOL,MOUSE,BALB/C,F,98.33,5.41,mg/dL,6
CLINICAL CHEMISTRY,Cholesterol,CHOL,MOUSE,BALB/C,M,144.92,13.52,mg/dL,12
CLINICAL CHEMISTRY,Cholesterol,CHOL,MOUSE,C57BL/6,F,105.49,45.8,mg/dL,61
CLINICAL CHEMISTRY,Cholesterol,CHOL,MOUSE,C57BL/6,M,141.97,75.37,mg/dL,86
CLINICAL CHEMISTRY,Cholesterol,CHOL,MOUSE,CB6F1-TGN (RASH2),F,98.42,15.64,mg/dL,26
CLINICAL CHEMISTRY,Cholesterol,CHOL,MOUSE,CB6F1-TGN (RASH2),M,147.78,26.31,mg/dL,37
CLINICAL CHEMISTRY,Cholesterol,CHOL,RABBIT,NEW ZEALAND,F,23.67,31.11,mg/dL,159
CLINICAL CHEMISTRY,Cholesterol,CHOL,RABBIT,NEW ZEALAND,M,17.38,25.88,mg/dL,159
CLINICAL CHEMISTRY,Cholesterol,CHOL,RAT,SPRAGUE-DAWLEY,F,70.13,43.47,mg/dL,3643
CLINICAL CHEMISTRY,Cholesterol,CHOL,RAT,SPRAGUE-DAWLEY,M,64.15,40.51,mg/dL,3730
CLINICAL CHEMISTRY,Cholesterol,CHOL,RAT,WISTAR HAN,F,31.24,33.16,mg/dL,1240
CLINICAL CHEMISTRY,Cholesterol,CHOL,RAT,WISTAR HAN,M,39.59,40.3,mg/dL,1257
CLINICAL CHEMISTRY,Cholinesterase,CHOLINES,RAT,SPRAGUE-DAWLEY,F,977.65,311.89,U/L,20
CLINICAL CHEMISTRY,Cholinesterase,CHOLINES,RAT,SPRAGUE-DAWLEY,M,118.7,50.39,U/L,20
CLINICAL CHEMISTRY,Creatine Kinase,CK,DOG,BEAGLE,F,234.31,193.28,IU/L,1701
CLINICAL CHEMISTRY,Creatine Kinase,CK,DOG,BEAGLE,M,229.37,126.08,IU/L,1719
CLINICAL CHEMISTRY,Creatine Kinase,CK,MONKEY,CYNOMOLGUS,F,400.09,853.35,IU/L,2776
CLINICAL CHEMISTRY,Creatine Kinase,CK,MONKEY,CYNOMOLGUS,M,485.18,1218.45,IU/L,2993
CLINICAL CHEMISTRY,Creatine Kinase,CK,MOUSE,C57BL/6,F,366.36,486.2,IU/L,50
CLINICAL CHEMISTRY,Creatine Kinase,CK,MOUSE,C57BL/6,M,388.33,642.64,IU/L,79
CLINICAL CHEMISTRY,Creatine Kinase,CK,MOUSE,CB6F1-TGN (RASH2),F,554.64,259.77,IU/L,11
CLINICAL CHEMISTRY,Creatine Kinase,CK,MOUSE,CB6F1-TGN (RASH2),M,565.75,328.22,IU/L,24
CLINICAL CHEMISTRY,Creatine Kinase,CK,RABBIT,NEW ZEALAND,F,779.21,1178.91,IU/L,111
CLINICAL CHEMISTRY,Creatine Kinase,CK,RABBIT,NEW ZEALAND,M,801.94,1415.31,IU/L,117
CLINICAL CHEMISTRY,Creatine Kinase,CK,RAT,SPRAGUE-DAWLEY,F,593.19,553.38,IU/L,2080
CLINICAL CHEMISTRY,Creatine Kinase,CK,RAT,SPRAGUE-DAWLEY,M,637.13,541.51,IU/L,2137
CLINICAL CHEMISTRY,Creatine Kinase,CK,RAT,WISTAR HAN,F,615.96,464.35,IU/L,955
CLINICAL CHEMISTRY,Creatine Kinase,CK,RAT,WISTAR HAN,M,730.75,512.11,IU/L,951
CLINICAL CHEMISTRY,Chloride,CL,DOG,BEAGLE,F,111.34,2.84,mEq/L,2788
CLINICAL CHEMISTRY,Chloride,CL,DOG,BEAGLE,M,111.16,2.84,mEq/L,2805
CLINICAL CHEMISTRY,Chloride,CL,MONKEY,CYNOMOLGUS,F,106.6,3.11,mEq/L,4036
CLINICAL CHEMISTRY,Chloride,CL,MONKEY,CYNOMOLGUS,M,106.04,3.02,mEq/L,4314
CLINICAL CHEMISTRY,Chloride,CL,MOUSE,BALB/C,M,123.0,0.0,mEq/L,1
CLINICAL CHEMISTRY,Chloride,CL,MOUSE,C57BL/6,F,114.86,1.85,mEq/L,14
CLINICAL CHEMISTRY,Chloride,CL,MOUSE,C57BL/6,M,109.52,3.0,mEq/L,27
CLINICAL CHEMISTRY,Chloride,CL,MOUSE,CB6F1-TGN (RASH2),F,114.53,2.63,mEq/L,15
CLINICAL CHEMISTRY,Chloride,CL,MOUSE,CB6F1-TGN (RASH2),M,114.26,4.08,mEq/L,19
CLINICAL CHEMISTRY,Chloride,CL,RABBIT,NEW ZEALAND,F,103.21,2.88,mEq/L,152
CLINICAL CHEMISTRY,Chloride,CL,RABBIT,NEW ZEALAND,M,103.29,2.96,mEq/L,152
CLINICAL CHEMISTRY,Chloride,CL,RAT,SPRAGUE-DAWLEY,F,102.1,2.63,mEq/L,3649
CLINICAL CHEMISTRY,Chloride,CL,RAT,SPRAGUE-DAWLEY,M,102.2,2.45,mEq/L,3735
CLINICAL CHEMISTRY,Chloride,CL,RAT,WISTAR HAN,F,102.22,2.75,mEq/L,1235
CLINICAL CHEMISTRY,Chloride,CL,RAT,WISTAR HAN,M,101.84,2.52,mEq/L,1252
CLINICAL CHEMISTRY,Calcitonin,CLCTONN,MONKEY,CYNOMOLGUS,F,92.78,24.23,ng/L,4
CLINICAL CHEMISTRY,Calcitonin,CLCTONN,MONKEY,CYNOMOLGUS,M,96.29,44.53,ng/L,7
CLINICAL CHEMISTRY,Calcitonin,CLCTONN,RAT,WISTAR HAN,F,152.35,51.34,ng/L,10
CLINICAL CHEMISTRY,Calcitonin,CLCTONN,RAT,WISTAR HAN,M,60.12,22.1,ng/L,6
CLINICAL CHEMISTRY,Carbon Dioxide,CO2,DOG,BEAGLE,F,23.25,1.48,mEq/L,36
CLINICAL CHEMISTRY,Carbon Dioxide,CO2,DOG,BEAGLE,M,22.36,1.75,mEq/L,36
CLINICAL CHEMISTRY,Carbon Dioxide,CO2,RAT,WISTAR HAN,F,24.23,1.78,mEq/L,30
CLINICAL CHEMISTRY,Carbon Dioxide,CO2,RAT,WISTAR HAN,M,24.62,1.7,mEq/L,30
CLINICAL CHEMISTRY,Cortisol,CORTISOL,MONKEY,CYNOMOLGUS,F,57.07,20.95,ug/dL,21
CLINICAL CHEMISTRY,Cortisol,CORTISOL,MONKEY,CYNOMOLGUS,M,45.1,16.99,ug/dL,21
CLINICAL CHEMISTRY,Cortisol,CORTISOL,RABBIT,NEW ZEALAND,F,242.24,139.15,ug/dL,37
CLINICAL CHEMISTRY,Cortisol,CORTISOL,RABBIT,NEW ZEALAND,M,183.97,110.84,ug/dL,45
CLINICAL CHEMISTRY,Creatinine,CREAT,DOG,BEAGLE,F,14.38,23.6,mg/dL,2792
CLINICAL CHEMISTRY,Creatinine,CREAT,DOG,BEAGLE,M,14.61,23.93,mg/dL,2808
CLINICAL CHEMISTRY,Creatinine,CREAT,MONKEY,CYNOMOLGUS,F,20.14,29.97,mg/dL,4145
CLINICAL CHEMISTRY,Creatinine,CREAT,MONKEY,CYNOMOLGUS,M,20.38,31.54,mg/dL,4423
CLINICAL CHEMISTRY,Creatinine,CREAT,MOUSE,BALB/C,F,0.2,0.0,mg/dL,8
CLINICAL CHEMISTRY,Creatinine,CREAT,MOUSE,BALB/C,M,0.2,0.0,mg/dL,14
CLINICAL CHEMISTRY,Creatinine,CREAT,MOUSE,C57BL/6,F,0.2,0.04,mg/dL,15
CLINICAL CHEMISTRY,Creatinine,CREAT,MOUSE,C57BL/6,M,0.2,0.06,mg/dL,48
CLINICAL CHEMISTRY,Creatinine,CREAT,MOUSE,CB6F1-TGN (RASH2),F,0.35,0.12,mg/dL,21
CLINICAL CHEMISTRY,Creatinine,CREAT,MOUSE,CB6F1-TGN (RASH2),M,0.33,0.21,mg/dL,34
CLINICAL CHEMISTRY,Creatinine,CREAT,RABBIT,NEW ZEALAND,F,62.47,48.58,mg/dL,152
CLINICAL CHEMISTRY,Creatinine,CREAT,RABBIT,NEW ZEALAND,M,53.18,40.45,mg/dL,152
CLINICAL CHEMISTRY,Creatinine,CREAT,RAT,SPRAGUE-DAWLEY,F,7.77,14.3,mg/dL,3632
CLINICAL CHEMISTRY,Creatinine,CREAT,RAT,SPRAGUE-DAWLEY,M,6.28,11.83,mg/dL,3715
CLINICAL CHEMISTRY,Creatinine,CREAT,RAT,WISTAR HAN,F,17.89,18.64,mg/dL,1235
CLINICAL CHEMISTRY,Creatinine,CREAT,RAT,WISTAR HAN,M,16.16,17.18,mg/dL,1251
CLINICAL CHEMISTRY,C Reactive Protein,CRP,MONKEY,CYNOMOLGUS,F,1.92,8.19,mg/dL,990
CLINICAL CHEMISTRY,C Reactive Protein,CRP,MONKEY,CYNOMOLGUS,M,1.51,4.94,mg/dL,1089
CLINICAL CHEMISTRY,Estradiol,ESTRDIOL,DOG,BEAGLE,F,79.82,16.49,ng/L,26
CLINICAL CHEMISTRY,Estradiol,ESTRDIOL,DOG,BEAGLE,M,93.82,16.09,ng/L,26
CLINICAL CHEMISTRY,Estradiol,ESTRDIOL,RAT,WISTAR HAN,F,52.75,20.48,ng/L,35
CLINICAL CHEMISTRY,Estradiol,ESTRDIOL,RAT,WISTAR HAN,M,75.39,27.13,ng/L,34
CLINICAL CHEMISTRY,Free Cholesterol,FCHO,RAT,WISTAR HAN,F,0.24,0.08,mmol/L,45
CLINICAL CHEMISTRY,Free Cholesterol,FCHO,RAT,WISTAR HAN,M,0.31,0.09,mmol/L,45
CLINICAL CHEMISTRY,Ferritin,FERRITIN,MONKEY,CYNOMOLGUS,F,100.29,87.22,pmol/L,62
CLINICAL CHEMISTRY,Ferritin,FERRITIN,MONKEY,CYNOMOLGUS,M,97.58,86.73,pmol/L,62
CLINICAL CHEMISTRY,Gamma Glutamyl Transferase,GGT,DOG,BEAGLE,F,2.8,1.52,IU/L,1726
CLINICAL CHEMISTRY,Gamma Glutamyl Transferase,GGT,DOG,BEAGLE,M,2.92,1.5,IU/L,1779
CLINICAL CHEMISTRY,Gamma Glutamyl Transferase,GGT,MONKEY,CYNOMOLGUS,F,64.04,31.88,IU/L,3941
CLINICAL CHEMISTRY,Gamma Glutamyl Transferase,GGT,MONKEY,CYNOMOLGUS,M,85.04,42.68,IU/L,4196
CLINICAL CHEMISTRY,Gamma Glutamyl Transferase,GGT,RABBIT,NEW ZEALAND,F,8.96,3.67,IU/L,65
CLINICAL CHEMISTRY,Gamma Glutamyl Transferase,GGT,RABBIT,NEW ZEALAND,M,9.59,4.21,IU/L,65
CLINICAL CHEMISTRY,Gamma Glutamyl Transferase,GGT,RAT,SPRAGUE-DAWLEY,F,1.17,1.56,IU/L,865
CLINICAL CHEMISTRY,Gamma Glutamyl Transferase,GGT,RAT,SPRAGUE-DAWLEY,M,1.15,1.59,IU/L,946
CLINICAL CHEMISTRY,Gamma Glutamyl Transferase,GGT,RAT,WISTAR HAN,F,0.65,0.93,IU/L,220
CLINICAL CHEMISTRY,Gamma Glutamyl Transferase,GGT,RAT,WISTAR HAN,M,0.91,1.27,IU/L,221
CLINICAL CHEMISTRY,Glutamate Dehydrogenase,GLDH,DOG,BEAGLE,F,5.31,1.76,IU/L,308
CLINICAL CHEMISTRY,Glutamate Dehydrogenase,GLDH,DOG,BEAGLE,M,5.27,4.06,IU/L,308
CLINICAL CHEMISTRY,Glutamate Dehydrogenase,GLDH,MONKEY,CYNOMOLGUS,F,19.7,16.18,IU/L,649
CLINICAL CHEMISTRY,Glutamate Dehydrogenase,GLDH,MONKEY,CYNOMOLGUS,M,19.09,12.98,IU/L,660
CLINICAL CHEMISTRY,Glutamate Dehydrogenase,GLDH,MOUSE,C57BL/6,F,5.78,5.28,IU/L,36
CLINICAL CHEMISTRY,Glutamate Dehydrogenase,GLDH,MOUSE,C57BL/6,M,7.79,3.74,IU/L,38
CLINICAL CHEMISTRY,Glutamate Dehydrogenase,GLDH,RAT,SPRAGUE-DAWLEY,F,14.06,41.45,IU/L,229
CLINICAL CHEMISTRY,Glutamate Dehydrogenase,GLDH,RAT,SPRAGUE-DAWLEY,M,10.49,7.7,IU/L,246
CLINICAL CHEMISTRY,Glutamate Dehydrogenase,GLDH,RAT,WISTAR HAN,F,7.89,23.72,IU/L,413
CLINICAL CHEMISTRY,Glutamate Dehydrogenase,GLDH,RAT,WISTAR HAN,M,8.16,13.05,IU/L,422
CLINICAL CHEMISTRY,Alpha-1 Globulin,GLOBA1,MONKEY,CYNOMOLGUS,F,2.48,0.34,g/L,12
CLINICAL CHEMISTRY,Alpha-1 Globulin,GLOBA1,MONKEY,CYNOMOLGUS,M,2.58,0.53,g/L,12
CLINICAL CHEMISTRY,Alpha-2 Globulin,GLOBA2,MONKEY,CYNOMOLGUS,F,7.3,0.96,g/L,12
CLINICAL CHEMISTRY,Alpha-2 Globulin,GLOBA2,MONKEY,CYNOMOLGUS,M,7.48,1.0,g/L,12
CLINICAL CHEMISTRY,Beta Globulin,GLOBB,DOG,BEAGLE,F,17.21,0.84,%,12
CLINICAL CHEMISTRY,Beta Globulin,GLOBB,DOG,BEAGLE,M,17.57,0.89,%,12
CLINICAL CHEMISTRY,Beta Globulin,GLOBB,MONKEY,CYNOMOLGUS,F,10.52,1.37,%,12
CLINICAL CHEMISTRY,Beta Globulin,GLOBB,MONKEY,CYNOMOLGUS,M,10.51,1.61,%,12
CLINICAL CHEMISTRY,Gamma Globulin,GLOBG,DOG,BEAGLE,F,6.22,0.96,%,12
CLINICAL CHEMISTRY,Gamma Globulin,GLOBG,DOG,BEAGLE,M,6.84,1.16,%,12
CLINICAL CHEMISTRY,Gamma Globulin,GLOBG,MONKEY,CYNOMOLGUS,F,11.87,2.4,%,12
CLINICAL CHEMISTRY,Gamma Globulin,GLOBG,MONKEY,CYNOMOLGUS,M,7.39,1.18,%,12
CLINICAL CHEMISTRY,Globulin,GLOBUL,DOG,BEAGLE,F,6.99,8.92,g/dL,2696
CLINICAL CHEMISTRY,Globulin,GLOBUL,DOG,BEAGLE,M,7.65,9.83,g/dL,2715
CLINICAL CHEMISTRY,Globulin,GLOBUL,MONKEY,CYNOMOLGUS,F,11.31,13.74,g/dL,3988
CLINICAL CHEMISTRY,Globulin,GLOBUL,MONKEY,CYNOMOLGUS,M,10.73,13.35,g/dL,4266
CLINICAL CHEMISTRY,Globulin,GLOBUL,MOUSE,BALB/C,F,2.26,0.18,g/dL,8
CLINICAL CHEMISTRY,Globulin,GLOBUL,MOUSE,BALB/C,M,2.54,0.17,g/dL,12
CLINICAL CHEMISTRY,Globulin,GLOBUL,MOUSE,C57BL/6,F,1.55,0.51,g/dL,56
CLINICAL CHEMISTRY,Globulin,GLOBUL,MOUSE,C57BL/6,M,1.93,0.44,g/dL,84
CLINICAL CHEMISTRY,Globulin,GLOBUL,MOUSE,CB6F1-TGN (RASH2),F,1.72,0.77,g/dL,35
CLINICAL CHEMISTRY,Globulin,GLOBUL,MOUSE,CB6F1-TGN (RASH2),M,2.2,0.95,g/dL,47
CLINICAL CHEMISTRY,Globulin,GLOBUL,RABBIT,NEW ZEALAND,F,17.05,13.2,g/dL,159
CLINICAL CHEMISTRY,Globulin,GLOBUL,RABBIT,NEW ZEALAND,M,17.8,13.55,g/dL,159
CLINICAL CHEMISTRY,Globulin,GLOBUL,RAT,SPRAGUE-DAWLEY,F,6.62,8.59,g/dL,3519
CLINICAL CHEMISTRY,Globulin,GLOBUL,RAT,SPRAGUE-DAWLEY,M,6.68,8.76,g/dL,3608
CLINICAL CHEMISTRY,Globulin,GLOBUL,RAT,WISTAR HAN,F,10.34,9.78,g/dL,1120
CLINICAL CHEMISTRY,Globulin,GLOBUL,RAT,WISTAR HAN,M,11.16,10.46,g/dL,1134
CLINICAL CHEMISTRY,Glucose,GLUC,DOG,BEAGLE,F,70.81,40.22,mg/dL,2762
CLINICAL CHEMISTRY,Glucose,GLUC,DOG,BEAGLE,M,71.44,40.62,mg/dL,2779
CLINICAL CHEMISTRY,Glucose,GLUC,MONKEY,CYNOMOLGUS,F,52.18,35.59,mg/dL,4139
CLINICAL CHEMISTRY,Glucose,GLUC,MONKEY,CYNOMOLGUS,M,54.84,36.69,mg/dL,4417
CLINICAL CHEMISTRY,Glucose,GLUC,MOUSE,BALB/C,F,238.5,41.13,mg/dL,10
CLINICAL CHEMISTRY,Glucose,GLUC,MOUSE,BALB/C,M,254.0,44.22,mg/dL,12
CLINICAL CHEMISTRY,Glucose,GLUC,MOUSE,C57BL/6,F,260.72,33.46,mg/dL,61
CLINICAL CHEMISTRY,Glucose,GLUC,MOUSE,C57BL/6,M,273.51,73.5,mg/dL,87
CLINICAL CHEMISTRY,Glucose,GLUC,MOUSE,CB6F1-TGN (RASH2),F,234.53,86.03,mg/dL,34
CLINICAL CHEMISTRY,Glucose,GLUC,MOUSE,CB6F1-TGN (RASH2),M,232.89,101.32,mg/dL,44
CLINICAL CHEMISTRY,Glucose,GLUC,RABBIT,NEW ZEALAND,F,52.77,57.74,mg/dL,159
CLINICAL CHEMISTRY,Glucose,GLUC,RABBIT,NEW ZEALAND,M,53.38,58.3,mg/dL,159
CLINICAL CHEMISTRY,Glucose,GLUC,RAT,SPRAGUE-DAWLEY,F,99.14,72.67,mg/dL,3643
CLINICAL CHEMISTRY,Glucose,GLUC,RAT,SPRAGUE-DAWLEY,M,106.57,83.05,mg/dL,3730
CLINICAL CHEMISTRY,Glucose,GLUC,RAT,WISTAR HAN,F,52.2,56.25,mg/dL,1235
CLINICAL CHEMISTRY,Glucose,GLUC,RAT,WISTAR HAN,M,59.23,69.12,mg/dL,1250
CLINICAL CHEMISTRY,Haptoglobin,HAPTOG,MONKEY,CYNOMOLGUS,F,0.47,0.15,g/L,20
CLINICAL CHEMISTRY,Haptoglobin,HAPTOG,MONKEY,CYNOMOLGUS,M,0.7,0.22,g/L,20
CLINICAL CHEMISTRY,Haptoglobin,HAPTOG,RAT,WISTAR HAN,F,0.19,0.09,g/L,35
CLINICAL CHEMISTRY,Haptoglobin,HAPTOG,RAT,WISTAR HAN,M,0.27,0.09,g/L,41
CLINICAL CHEMISTRY,HDL Cholesterol,HDL,DOG,BEAGLE,F,110.8,17.75,mg/dL,5
CLINICAL CHEMISTRY,HDL Cholesterol,HDL,DOG,BEAGLE,M,106.0,6.07,mg/dL,5
CLINICAL CHEMISTRY,HDL Cholesterol,HDL,MONKEY,CYNOMOLGUS,F,61.09,25.14,mg/dL,105
CLINICAL CHEMISTRY,HDL Cholesterol,HDL,MONKEY,CYNOMOLGUS,M,68.73,24.18,mg/dL,134
CLINICAL CHEMISTRY,HDL Cholesterol,HDL,RABBIT,NEW ZEALAND,F,21.06,10.01,mg/dL,7
CLINICAL CHEMISTRY,HDL Cholesterol,HDL,RABBIT,NEW ZEALAND,M,15.1,4.52,mg/dL,7
CLINICAL CHEMISTRY,HDL Cholesterol,HDL,RAT,SPRAGUE-DAWLEY,F,27.41,38.17,mg/dL,53
CLINICAL CHEMISTRY,HDL Cholesterol,HDL,RAT,SPRAGUE-DAWLEY,M,28.53,33.2,mg/dL,70
CLINICAL CHEMISTRY,HDL Cholesterol,HDL,RAT,WISTAR HAN,F,10.64,18.87,mg/dL,76
CLINICAL CHEMISTRY,HDL Cholesterol,HDL,RAT,WISTAR HAN,M,13.26,24.24,mg/dL,75
CLINICAL CHEMISTRY,Hemolytic Index,HEMOLYSI,DOG,BEAGLE,F,0.0,0.0,,20
CLINICAL CHEMISTRY,Hemolytic Index,HEMOLYSI,DOG,BEAGLE,M,0.0,0.0,,20
CLINICAL CHEMISTRY,Hemolytic Index,HEMOLYSI,RAT,SPRAGUE-DAWLEY,M,0.0,0.0,,9
CLINICAL CHEMISTRY,Total Iron Binding Capacity,IBCT,DOG,BEAGLE,F,62.07,4.84,umol/L,6
CLINICAL CHEMISTRY,Total Iron Binding Capacity,IBCT,DOG,BEAGLE,M,74.32,1.79,umol/L,6
CLINICAL CHEMISTRY,Total Iron Binding Capacity,IBCT,MONKEY,CYNOMOLGUS,F,62.96,6.18,umol/L,39
CLINICAL CHEMISTRY,Total Iron Binding Capacity,IBCT,MONKEY,CYNOMOLGUS,M,68.54,6.29,umol/L,40
CLINICAL CHEMISTRY,Unsaturated Iron Binding Capacity,IBCU,DOG,BEAGLE,F,46.48,6.49,umol/L,6
CLINICAL CHEMISTRY,Unsaturated Iron Binding Capacity,IBCU,DOG,BEAGLE,M,59.62,4.38,umol/L,6
CLINICAL CHEMISTRY,Unsaturated Iron Binding Capacity,IBCU,MONKEY,CYNOMOLGUS,F,47.07,7.34,umol/L,40
CLINICAL CHEMISTRY,Unsaturated Iron Binding Capacity,IBCU,MONKEY,CYNOMOLGUS,M,45.46,9.17,umol/L,40
CLINICAL CHEMISTRY,Unsaturated Iron Binding Capacity,IBCU,RAT,SPRAGUE-DAWLEY,F,30.31,10.11,umol/L,10
CLINICAL CHEMISTRY,Unsaturated Iron Binding Capacity,IBCU,RAT,SPRAGUE-DAWLEY,M,53.95,9.81,umol/L,10
CLINICAL CHEMISTRY,Icteric Index,ICTERUSI,DOG,BEAGLE,F,0.0,0.0,,28
CLINICAL CHEMISTRY,Icteric Index,ICTERUSI,DOG,BEAGLE,M,0.0,0.0,,28
CLINICAL CHEMISTRY,Icteric Index,ICTERUSI,MONKEY,CYNOMOLGUS,F,0.0,0.0,,9
CLINICAL CHEMISTRY,Icteric Index,ICTERUSI,MONKEY,CYNOMOLGUS,M,0.0,0.0,,9
CLINICAL CHEMISTRY,Icteric Index,ICTERUSI,RAT,SPRAGUE-DAWLEY,F,0.0,0.0,,60
CLINICAL CHEMISTRY,Icteric Index,ICTERUSI,RAT,SPRAGUE-DAWLEY,M,0.0,0.0,,54
CLINICAL CHEMISTRY,Icteric Index,ICTI,DOG,BEAGLE,F,0.0,0.0,,20
CLINICAL CHEMISTRY,Icteric Index,ICTI,DOG,BEAGLE,M,0.0,0.0,,20
CLINICAL CHEMISTRY,Immunoglobulin A,IGA,MONKEY,CYNOMOLGUS,F,3.2,0.59,g/L,32
CLINICAL CHEMISTRY,Immunoglobulin A,IGA,MONKEY,CYNOMOLGUS,M,3.99,0.73,g/L,32
CLINICAL CHEMISTRY,Immunoglobulin G,IGG,MONKEY,CYNOMOLGUS,F,9.83,1.49,g/L,126
CLINICAL CHEMISTRY,Immunoglobulin G,IGG,MONKEY,CYNOMOLGUS,M,163.84,403.89,g/L,146
CLINICAL CHEMISTRY,Immunoglobulin M,IGM,MONKEY,CYNOMOLGUS,F,1.47,0.7,g/L,94
CLINICAL CHEMISTRY,Immunoglobulin M,IGM,MONKEY,CYNOMOLGUS,M,11.94,24.41,g/L,114
CLINICAL CHEMISTRY,Interleukin 2,INTLK2,MONKEY,CYNOMOLGUS,F,8.52,1.07,ng/L,4
CLINICAL CHEMISTRY,Interleukin 2,INTLK2,MONKEY,CYNOMOLGUS,M,16.79,4.32,ng/L,4
CLINICAL CHEMISTRY,Interleukin 6,INTLK6,MONKEY,CYNOMOLGUS,F,26.81,22.96,ng/L,2
CLINICAL CHEMISTRY,Interleukin 6,INTLK6,MONKEY,CYNOMOLGUS,M,9.36,7.08,ng/L,9
CLINICAL CHEMISTRY,Iron,IRON,DOG,BEAGLE,F,32.06,15.04,umol/L,15
CLINICAL CHEMISTRY,Iron,IRON,DOG,BEAGLE,M,33.26,28.44,umol/L,16
CLINICAL CHEMISTRY,Iron,IRON,MONKEY,CYNOMOLGUS,F,16.02,4.27,umol/L,39
CLINICAL CHEMISTRY,Iron,IRON,MONKEY,CYNOMOLGUS,M,25.69,17.61,umol/L,41
CLINICAL CHEMISTRY,Potassium,K,DOG,BEAGLE,F,4.58,0.37,mEq/L,2788
CLINICAL CHEMISTRY,Potassium,K,DOG,BEAGLE,M,4.67,0.35,mEq/L,2805
CLINICAL CHEMISTRY,Potassium,K,MONKEY,CYNOMOLGUS,F,4.73,0.62,mEq/L,4036
CLINICAL CHEMISTRY,Potassium,K,MONKEY,CYNOMOLGUS,M,4.74,0.62,mEq/L,4314
CLINICAL CHEMISTRY,Potassium,K,MOUSE,C57BL/6,F,4.84,0.57,mEq/L,14
CLINICAL CHEMISTRY,Potassium,K,MOUSE,C57BL/6,M,5.51,0.58,mEq/L,27
CLINICAL CHEMISTRY,Potassium,K,MOUSE,CB6F1-TGN (RASH2),F,5.25,0.74,mEq/L,15
CLINICAL CHEMISTRY,Potassium,K,MOUSE,CB6F1-TGN (RASH2),M,6.02,1.36,mEq/L,19
CLINICAL CHEMISTRY,Potassium,K,RABBIT,NEW ZEALAND,F,4.22,0.5,mEq/L,152
CLINICAL CHEMISTRY,Potassium,K,RABBIT,NEW ZEALAND,M,4.32,0.62,mEq/L,152
CLINICAL CHEMISTRY,Potassium,K,RAT,SPRAGUE-DAWLEY,F,5.81,2.28,mEq/L,3649
CLINICAL CHEMISTRY,Potassium,K,RAT,SPRAGUE-DAWLEY,M,5.99,1.88,mEq/L,3732
CLINICAL CHEMISTRY,Potassium,K,RAT,WISTAR HAN,F,4.74,1.33,mEq/L,1265
CLINICAL CHEMISTRY,Potassium,K,RAT,WISTAR HAN,M,5.08,1.25,mEq/L,1279
CLINICAL CHEMISTRY,Kidney Injury Molecule-1,KIM1,RAT,SPRAGUE-DAWLEY,F,0.8,0.54,ug/L,35
CLINICAL CHEMISTRY,Kidney Injury Molecule-1,KIM1,RAT,SPRAGUE-DAWLEY,M,1.29,0.95,ug/L,35
CLINICAL CHEMISTRY,Lactate Dehydrogenase,LDH,DOG,BEAGLE,F,121.55,107.28,IU/L,473
CLINICAL CHEMISTRY,Lactate Dehydrogenase,LDH,DOG,BEAGLE,M,117.11,102.38,IU/L,476
CLINICAL CHEMISTRY,Lactate Dehydrogenase,LDH,MONKEY,CYNOMOLGUS,F,520.67,261.82,IU/L,877
CLINICAL CHEMISTRY,Lactate Dehydrogenase,LDH,MONKEY,CYNOMOLGUS,M,654.24,386.33,IU/L,927
CLINICAL CHEMISTRY,Lactate Dehydrogenase,LDH,RABBIT,NEW ZEALAND,F,213.67,122.2,IU/L,24
CLINICAL CHEMISTRY,Lactate Dehydrogenase,LDH,RABBIT,NEW ZEALAND,M,232.71,160.23,IU/L,24
CLINICAL CHEMISTRY,Lactate Dehydrogenase,LDH,RAT,SPRAGUE-DAWLEY,F,774.03,793.49,IU/L,397
CLINICAL CHEMISTRY,Lactate Dehydrogenase,LDH,RAT,SPRAGUE-DAWLEY,M,903.97,973.68,IU/L,410
CLINICAL CHEMISTRY,Lactate Dehydrogenase,LDH,RAT,WISTAR HAN,F,532.26,389.72,IU/L,171
CLINICAL CHEMISTRY,Lactate Dehydrogenase,LDH,RAT,WISTAR HAN,M,691.91,547.14,IU/L,173
CLINICAL CHEMISTRY,LDL Cholesterol,LDL,DOG,BEAGLE,F,8.25,1.64,mg/dL,4
CLINICAL CHEMISTRY,LDL Cholesterol,LDL,DOG,BEAGLE,M,9.2,1.83,mg/dL,5
CLINICAL CHEMISTRY,LDL Cholesterol,LDL,MONKEY,CYNOMOLGUS,F,54.66,23.66,mg/dL,105
CLINICAL CHEMISTRY,LDL Cholesterol,LDL,MONKEY,CYNOMOLGUS,M,58.12,27.22,mg/dL,134
CLINICAL CHEMISTRY,LDL Cholesterol,LDL,RABBIT,NEW ZEALAND,F,12.11,6.28,mg/dL,7
CLINICAL CHEMISTRY,LDL Cholesterol,LDL,RABBIT,NEW ZEALAND,M,25.11,28.67,mg/dL,7
CLINICAL CHEMISTRY,LDL Cholesterol,LDL,RAT,SPRAGUE-DAWLEY,F,4.78,6.17,mg/dL,53
CLINICAL CHEMISTRY,LDL Cholesterol,LDL,RAT,SPRAGUE-DAWLEY,M,7.87,7.77,mg/dL,70
CLINICAL CHEMISTRY,LDL Cholesterol,LDL,RAT,WISTAR HAN,F,1.2,2.35,mg/dL,30
CLINICAL CHEMISTRY,LDL Cholesterol,LDL,RAT,WISTAR HAN,M,3.62,6.28,mg/dL,59
CLINICAL CHEMISTRY,Lipase,LIPASET,DOG,BEAGLE,F,173.85,196.93,U/L,112
CLINICAL CHEMISTRY,Lipase,LIPASET,DOG,BEAGLE,M,85.22,90.05,U/L,115
CLINICAL CHEMISTRY,Lipase,LIPASET,MONKEY,CYNOMOLGUS,F,13.54,5.68,U/L,65
CLINICAL CHEMISTRY,Lipase,LIPASET,MONKEY,CYNOMOLGUS,M,16.93,12.16,U/L,65
CLINICAL CHEMISTRY,Lipase,LIPASET,RAT,SPRAGUE-DAWLEY,F,9.55,7.39,U/L,89
CLINICAL CHEMISTRY,Lipase,LIPASET,RAT,SPRAGUE-DAWLEY,M,9.08,6.72,U/L,93
CLINICAL CHEMISTRY,Lipase,LIPASET,RAT,WISTAR HAN,F,9.93,1.0,U/L,41
CLINICAL CHEMISTRY,Lipase,LIPASET,RAT,WISTAR HAN,M,10.28,1.92,U/L,40
CLINICAL CHEMISTRY,Lipemic Index,LIPEMIAI,DOG,BEAGLE,F,0.0,0.0,,28
CLINICAL CHEMISTRY,Lipemic Index,LIPEMIAI,DOG,BEAGLE,M,0.0,0.0,,28
CLINICAL CHEMISTRY,Lipemic Index,LIPEMIAI,MONKEY,CYNOMOLGUS,F,0.0,0.0,,9
CLINICAL CHEMISTRY,Lipemic Index,LIPEMIAI,MONKEY,CYNOMOLGUS,M,0.0,0.0,,9
CLINICAL CHEMISTRY,Lipemic Index,LIPEMIAI,RAT,SPRAGUE-DAWLEY,F,0.0,0.0,,60
CLINICAL CHEMISTRY,Lipemic Index,LIPEMIAI,RAT,SPRAGUE-DAWLEY,M,0.0,0.0,,54
CLINICAL CHEMISTRY,Lipemic Index,LIPX,DOG,BEAGLE,F,0.0,0.0,,20
CLINICAL CHEMISTRY,Lipemic Index,LIPX,DOG,BEAGLE,M,0.0,0.0,,20
CLINICAL CHEMISTRY,Magnesium,MG,DOG,BEAGLE,F,1.35,0.56,mg/dL,94
CLINICAL CHEMISTRY,Magnesium,MG,DOG,BEAGLE,M,1.31,0.55,mg/dL,98
CLINICAL CHEMISTRY,Magnesium,MG,MONKEY,CYNOMOLGUS,F,1.64,0.57,mg/dL,135
CLINICAL CHEMISTRY,Magnesium,MG,MONKEY,CYNOMOLGUS,M,1.69,0.55,mg/dL,153
CLINICAL CHEMISTRY,Magnesium,MG,RAT,SPRAGUE-DAWLEY,F,2.42,0.28,mg/dL,55
CLINICAL CHEMISTRY,Magnesium,MG,RAT,SPRAGUE-DAWLEY,M,2.12,0.17,mg/dL,55
CLINICAL CHEMISTRY,Magnesium,MG,RAT,WISTAR HAN,F,2.0,0.84,mg/dL,239
CLINICAL CHEMISTRY,Magnesium,MG,RAT,WISTAR HAN,M,1.97,0.82,mg/dL,240
CLINICAL CHEMISTRY,Sodium/Potassium,NAK,MONKEY,CYNOMOLGUS,F,35.61,4.25,RATIO,34
CLINICAL CHEMISTRY,Sodium/Potassium,NAK,MONKEY,CYNOMOLGUS,M,34.66,2.9,RATIO,34
CLINICAL CHEMISTRY,Phosphate,PHOS,DOG,BEAGLE,F,4.55,1.96,mg/dL,2741
CLINICAL CHEMISTRY,Phosphate,PHOS,DOG,BEAGLE,M,4.75,2.02,mg/dL,2758
CLINICAL CHEMISTRY,Phosphate,PHOS,MONKEY,CYNOMOLGUS,F,4.54,2.06,mg/dL,4050
CLINICAL CHEMISTRY,Phosphate,PHOS,MONKEY,CYNOMOLGUS,M,5.0,2.23,mg/dL,4330
CLINICAL CHEMISTRY,Phosphate,PHOS,MOUSE,BALB/C,F,9.9,0.97,mg/dL,6
CLINICAL CHEMISTRY,Phosphate,PHOS,MOUSE,BALB/C,M,11.9,1.39,mg/dL,9
CLINICAL CHEMISTRY,Phosphate,PHOS,MOUSE,C57BL/6,F,8.22,2.11,mg/dL,22
CLINICAL CHEMISTRY,Phosphate,PHOS,MOUSE,C57BL/6,M,10.41,2.22,mg/dL,48
CLINICAL CHEMISTRY,Phosphate,PHOS,MOUSE,CB6F1-TGN (RASH2),F,8.89,1.74,mg/dL,15
CLINICAL CHEMISTRY,Phosphate,PHOS,MOUSE,CB6F1-TGN (RASH2),M,9.3,1.79,mg/dL,23
CLINICAL CHEMISTRY,Phosphate,PHOS,RABBIT,NEW ZEALAND,F,2.82,1.72,mg/dL,152
CLINICAL CHEMISTRY,Phosphate,PHOS,RABBIT,NEW ZEALAND,M,2.95,1.88,mg/dL,152
CLINICAL CHEMISTRY,Phosphate,PHOS,RAT,SPRAGUE-DAWLEY,F,6.8,3.38,mg/dL,3598
CLINICAL CHEMISTRY,Phosphate,PHOS,RAT,SPRAGUE-DAWLEY,M,7.58,3.39,mg/dL,3683
CLINICAL CHEMISTRY,Phosphate,PHOS,RAT,WISTAR HAN,F,4.12,2.65,mg/dL,1220
CLINICAL CHEMISTRY,Phosphate,PHOS,RAT,WISTAR HAN,M,4.7,2.83,mg/dL,1235
CLINICAL CHEMISTRY,Phospholipid,PHOSLPD,DOG,BEAGLE,F,327.2,40.01,mg/dL,5
CLINICAL CHEMISTRY,Phospholipid,PHOSLPD,DOG,BEAGLE,M,340.0,16.46,mg/dL,5
CLINICAL CHEMISTRY,Phospholipid,PHOSLPD,MONKEY,CYNOMOLGUS,M,219.3,29.92,mg/dL,20
CLINICAL CHEMISTRY,Phospholipid,PHOSLPD,RAT,WISTAR HAN,F,1.33,0.13,mg/dL,15
CLINICAL CHEMISTRY,Phospholipid,PHOSLPD,RAT,WISTAR HAN,M,1.72,0.17,mg/dL,15
CLINICAL CHEMISTRY,Progesterone,PROGEST,DOG,BEAGLE,F,9.02,9.54,ug/L,15
CLINICAL CHEMISTRY,Progesterone,PROGEST,RAT,WISTAR HAN,F,23.45,24.66,ug/L,35
CLINICAL CHEMISTRY,Progesterone,PROGEST,RAT,WISTAR HAN,M,3.75,4.08,ug/L,31
CLINICAL CHEMISTRY,Protein,PROT,DOG,BEAGLE,F,18.38,22.13,g/dL,2769
CLINICAL CHEMISTRY,Protein,PROT,DOG,BEAGLE,M,18.7,22.36,g/dL,2788
CLINICAL CHEMISTRY,Protein,PROT,MONKEY,CYNOMOLGUS,F,28.12,31.58,g/dL,4133
CLINICAL CHEMISTRY,Protein,PROT,MONKEY,CYNOMOLGUS,M,27.25,31.19,g/dL,4417
CLINICAL CHEMISTRY,Protein,PROT,MOUSE,BALB/C,F,5.44,0.23,g/dL,8
CLINICAL CHEMISTRY,Protein,PROT,MOUSE,BALB/C,M,5.7,0.32,g/dL,14
CLINICAL CHEMISTRY,Protein,PROT,MOUSE,C57BL/6,F,5.16,0.43,g/dL,56
CLINICAL CHEMISTRY,Protein,PROT,MOUSE,C57BL/6,M,5.32,0.55,g/dL,86
CLINICAL CHEMISTRY,Protein,PROT,MOUSE,CB6F1-TGN (RASH2),F,5.17,0.6,g/dL,36
CLINICAL CHEMISTRY,Protein,PROT,MOUSE,CB6F1-TGN (RASH2),M,5.57,0.65,g/dL,47
CLINICAL CHEMISTRY,Protein,PROT,RABBIT,NEW ZEALAND,F,35.97,24.28,g/dL,159
CLINICAL CHEMISTRY,Protein,PROT,RABBIT,NEW ZEALAND,M,36.14,24.47,g/dL,159
CLINICAL CHEMISTRY,Protein,PROT,RAT,SPRAGUE-DAWLEY,F,20.35,25.25,g/dL,3643
CLINICAL CHEMISTRY,Protein,PROT,RAT,SPRAGUE-DAWLEY,M,18.0,22.56,g/dL,3730
CLINICAL CHEMISTRY,Protein,PROT,RAT,WISTAR HAN,F,37.84,31.14,g/dL,1235
CLINICAL CHEMISTRY,Protein,PROT,RAT,WISTAR HAN,M,35.88,29.83,g/dL,1250
CLINICAL CHEMISTRY,Protein/Creatinine,PROTCRT,MONKEY,CYNOMOLGUS,F,1.32,0.14,RATIO,34
CLINICAL CHEMISTRY,Protein/Creatinine,PROTCRT,MONKEY,CYNOMOLGUS,M,1.37,0.21,RATIO,34
CLINICAL CHEMISTRY,Sorbitol Dehydrogenase,SDH,DOG,BEAGLE,F,4.39,2.29,U/L,28
CLINICAL CHEMISTRY,Sorbitol Dehydrogenase,SDH,DOG,BEAGLE,M,3.54,1.82,U/L,28
CLINICAL CHEMISTRY,Sorbitol Dehydrogenase,SDH,MONKEY,CYNOMOLGUS,F,10.32,8.84,U/L,128
CLINICAL CHEMISTRY,Sorbitol Dehydrogenase,SDH,MONKEY,CYNOMOLGUS,M,8.58,6.05,U/L,117
CLINICAL CHEMISTRY,Sorbitol Dehydrogenase,SDH,RAT,SPRAGUE-DAWLEY,F,12.85,19.15,U/L,81
CLINICAL CHEMISTRY,Sorbitol Dehydrogenase,SDH,RAT,SPRAGUE-DAWLEY,M,7.85,6.31,U/L,83
CLINICAL CHEMISTRY,Sodium,SODIUM,DOG,BEAGLE,F,147.28,2.36,mEq/L,2788
CLINICAL CHEMISTRY,Sodium,SODIUM,DOG,BEAGLE,M,146.96,2.22,mEq/L,2805
CLINICAL CHEMISTRY,Sodium,SODIUM,MONKEY,CYNOMOLGUS,F,148.12,3.64,mEq/L,4036
CLINICAL CHEMISTRY,Sodium,SODIUM,MONKEY,CYNOMOLGUS,M,148.5,3.65,mEq/L,4314
CLINICAL CHEMISTRY,Sodium,SODIUM,MOUSE,BALB/C,M,170.0,0.0,mEq/L,1
CLINICAL CHEMISTRY,Sodium,SODIUM,MOUSE,C57BL/6,F,154.14,1.92,mEq/L,14
CLINICAL CHEMISTRY,Sodium,SODIUM,MOUSE,C57BL/6,M,151.33,2.45,mEq/L,27
CLINICAL CHEMISTRY,Sodium,SODIUM,MOUSE,CB6F1-TGN (RASH2),F,152.67,2.84,mEq/L,15
CLINICAL CHEMISTRY,Sodium,SODIUM,MOUSE,CB6F1-TGN (RASH2),M,156.47,6.01,mEq/L,19
CLINICAL CHEMISTRY,Sodium,SODIUM,RABBIT,NEW ZEALAND,F,141.35,2.35,mEq/L,152
CLINICAL CHEMISTRY,Sodium,SODIUM,RABBIT,NEW ZEALAND,M,142.01,2.62,mEq/L,152
CLINICAL CHEMISTRY,Sodium,SODIUM,RAT,SPRAGUE-DAWLEY,F,143.42,2.78,mEq/L,3649
CLINICAL CHEMISTRY,Sodium,SODIUM,RAT,SPRAGUE-DAWLEY,M,144.86,2.68,mEq/L,3735
CLINICAL CHEMISTRY,Sodium,SODIUM,RAT,WISTAR HAN,F,144.22,2.95,mEq/L,1235
CLINICAL CHEMISTRY,Sodium,SODIUM,RAT,WISTAR HAN,M,145.14,3.17,mEq/L,1252
CLINICAL CHEMISTRY,Triiodothyronine,T3,DOG,BEAGLE,F,58.65,30.39,ng/dL,68
CLINICAL CHEMISTRY,Triiodothyronine,T3,DOG,BEAGLE,M,63.45,32.19,ng/dL,70
CLINICAL CHEMISTRY,Triiodothyronine,T3,MONKEY,CYNOMOLGUS,F,182.91,49.76,ng/dL,11
CLINICAL CHEMISTRY,Triiodothyronine,T3,MONKEY,CYNOMOLGUS,M,206.82,35.64,ng/dL,11
CLINICAL CHEMISTRY,Triiodothyronine,T3,RAT,SPRAGUE-DAWLEY,F,2.66,0.53,ng/dL,20
CLINICAL CHEMISTRY,Triiodothyronine,T3,RAT,SPRAGUE-DAWLEY,M,2.77,0.62,ng/dL,20
CLINICAL CHEMISTRY,Triiodothyronine,T3,RAT,WISTAR HAN,F,57.14,49.46,ng/dL,125
CLINICAL CHEMISTRY,Triiodothyronine,T3,RAT,WISTAR HAN,M,56.84,49.23,ng/dL,124
CLINICAL CHEMISTRY,Thyroxine,T4,DOG,BEAGLE,F,5.41,6.31,ug/dL,70
CLINICAL CHEMISTRY,Thyroxine,T4,DOG,BEAGLE,M,5.02,6.12,ug/dL,68
CLINICAL CHEMISTRY,Thyroxine,T4,MONKEY,CYNOMOLGUS,F,4.14,0.85,ug/dL,11
CLINICAL CHEMISTRY,Thyroxine,T4,MONKEY,CYNOMOLGUS,M,3.82,0.67,ug/dL,11
CLINICAL CHEMISTRY,Thyroxine,T4,RAT,SPRAGUE-DAWLEY,F,121.85,67.16,ug/dL,25
CLINICAL CHEMISTRY,Thyroxine,T4,RAT,SPRAGUE-DAWLEY,M,108.38,51.8,ug/dL,25
CLINICAL CHEMISTRY,Thyroxine,T4,RAT,WISTAR HAN,F,22.31,22.79,ug/dL,130
CLINICAL CHEMISTRY,Thyroxine,T4,RAT,WISTAR HAN,M,31.63,30.83,ug/dL,129
CLINICAL CHEMISTRY,Testosterone,TESTOS,DOG,BEAGLE,M,198.23,137.6,ng/dL,23
CLINICAL CHEMISTRY,Testosterone,TESTOS,MONKEY,CYNOMOLGUS,F,32.0,7.1,ng/dL,6
CLINICAL CHEMISTRY,Testosterone,TESTOS,MONKEY,CYNOMOLGUS,M,1070.0,561.72,ng/dL,20
CLINICAL CHEMISTRY,Testosterone,TESTOS,RAT,SPRAGUE-DAWLEY,M,105.72,20.21,ng/dL,5
CLINICAL CHEMISTRY,Testosterone,TESTOS,RAT,WISTAR HAN,M,214.19,157.16,ng/dL,30
CLINICAL CHEMISTRY,Triglycerides,TRIG,DOG,BEAGLE,F,29.21,19.68,mg/dL,2709
CLINICAL CHEMISTRY,Triglycerides,TRIG,DOG,BEAGLE,M,27.78,18.13,mg/dL,2728
CLINICAL CHEMISTRY,Triglycerides,TRIG,MONKEY,CYNOMOLGUS,F,33.53,26.47,mg/dL,4120
CLINICAL CHEMISTRY,Triglycerides,TRIG,MONKEY,CYNOMOLGUS,M,34.59,30.1,mg/dL,4395
CLINICAL CHEMISTRY,Triglycerides,TRIG,MOUSE,BALB/C,F,139.67,30.25,mg/dL,6
CLINICAL CHEMISTRY,Triglycerides,TRIG,MOUSE,BALB/C,M,137.18,31.33,mg/dL,11
CLINICAL CHEMISTRY,Triglycerides,TRIG,MOUSE,C57BL/6,F,79.32,46.85,mg/dL,22
CLINICAL CHEMISTRY,Triglycerides,TRIG,MOUSE,C57BL/6,M,123.3,63.12,mg/dL,47
CLINICAL CHEMISTRY,Triglycerides,TRIG,MOUSE,CB6F1-TGN (RASH2),F,128.75,28.57,mg/dL,4
CLINICAL CHEMISTRY,Triglycerides,TRIG,MOUSE,CB6F1-TGN (RASH2),M,184.8,25.76,mg/dL,5
CLINICAL CHEMISTRY,Triglycerides,TRIG,RABBIT,NEW ZEALAND,F,15.41,21.6,mg/dL,159
CLINICAL CHEMISTRY,Triglycerides,TRIG,RABBIT,NEW ZEALAND,M,24.63,47.17,mg/dL,159
CLINICAL CHEMISTRY,Triglycerides,TRIG,RAT,SPRAGUE-DAWLEY,F,38.03,34.31,mg/dL,3629
CLINICAL CHEMISTRY,Triglycerides,TRIG,RAT,SPRAGUE-DAWLEY,M,55.52,45.33,mg/dL,3703
CLINICAL CHEMISTRY,Triglycerides,TRIG,RAT,WISTAR HAN,F,22.16,26.17,mg/dL,1205
CLINICAL CHEMISTRY,Triglycerides,TRIG,RAT,WISTAR HAN,M,39.76,49.19,mg/dL,1220
CLINICAL CHEMISTRY,Troponin I,TROPONI,DOG,BEAGLE,F,0.6,2.15,ug/L,24
CLINICAL CHEMISTRY,Troponin I,TROPONI,DOG,BEAGLE,M,0.37,0.75,ug/L,25
CLINICAL CHEMISTRY,Troponin I,TROPONI,MONKEY,CYNOMOLGUS,F,0.0,0.0,ug/L,31
CLINICAL CHEMISTRY,Troponin I,TROPONI,MONKEY,CYNOMOLGUS,M,0.0,0.0,ug/L,31
CLINICAL CHEMISTRY,Troponin I,TROPONI,RAT,SPRAGUE-DAWLEY,F,0.09,0.02,ug/L,12
CLINICAL CHEMISTRY,Troponin I,TROPONI,RAT,SPRAGUE-DAWLEY,M,0.05,0.04,ug/L,33
CLINICAL CHEMISTRY,Troponin I,TROPONI,RAT,WISTAR HAN,F,7.79,2.01,ug/L,15
CLINICAL CHEMISTRY,Troponin I,TROPONI,RAT,WISTAR HAN,M,51.54,155.27,ug/L,37
CLINICAL CHEMISTRY,Thyroid Stimulating Hormone,TSH,MONKEY,CYNOMOLGUS,F,1.24,1.07,mIU/L,31
CLINICAL CHEMISTRY,Thyroid Stimulating Hormone,TSH,MONKEY,CYNOMOLGUS,M,1.93,1.56,mIU/L,31
CLINICAL CHEMISTRY,Thyroid Stimulating Hormone,TSH,RAT,WISTAR HAN,F,0.34,0.3,mIU/L,78
CLINICAL CHEMISTRY,Thyroid Stimulating Hormone,TSH,RAT,WISTAR HAN,M,0.45,0.33,mIU/L,82
CLINICAL CHEMISTRY,Urea,UREA,DOG,BEAGLE,F,4.75,1.3,mmol/L,621
CLINICAL CHEMISTRY,Urea,UREA,DOG,BEAGLE,M,4.76,1.26,mmol/L,631
CLINICAL CHEMISTRY,Urea,UREA,MONKEY,CYNOMOLGUS,F,6.82,1.67,mmol/L,963
CLINICAL CHEMISTRY,Urea,UREA,MONKEY,CYNOMOLGUS,M,7.06,1.73,mmol/L,973
CLINICAL CHEMISTRY,Urea,UREA,RABBIT,NEW ZEALAND,F,7.39,1.69,mmol/L,97
CLINICAL CHEMISTRY,Urea,UREA,RABBIT,NEW ZEALAND,M,5.92,0.98,mmol/L,97
CLINICAL CHEMISTRY,Urea,UREA,RAT,SPRAGUE-DAWLEY,F,5.84,1.23,mmol/L,559
CLINICAL CHEMISTRY,Urea,UREA,RAT,SPRAGUE-DAWLEY,M,5.23,1.12,mmol/L,553
CLINICAL CHEMISTRY,Urea,UREA,RAT,WISTAR HAN,F,6.41,1.5,mmol/L,565
CLINICAL CHEMISTRY,Urea,UREA,RAT,WISTAR HAN,M,5.97,1.5,mmol/L,558
CLINICAL CHEMISTRY,Urea/Creatinine,UREACRT,RAT,SPRAGUE-DAWLEY,F,34.66,8.01,RATIO,29
CLINICAL CHEMISTRY,Urea/Creatinine,UREACRT,RAT,SPRAGUE-DAWLEY,M,40.97,8.28,RATIO,30
CLINICAL CHEMISTRY,Urea Nitrogen,UREAN,DOG,BEAGLE,F,14.25,4.39,mg/dL,2133
CLINICAL CHEMISTRY,Urea Nitrogen,UREAN,DOG,BEAGLE,M,13.66,4.2,mg/dL,2141
CLINICAL CHEMISTRY,Urea Nitrogen,UREAN,MONKEY,CYNOMOLGUS,F,18.88,6.1,mg/dL,3175
CLINICAL CHEMISTRY,Urea Nitrogen,UREAN,MONKEY,CYNOMOLGUS,M,19.78,6.33,mg/dL,3444
CLINICAL CHEMISTRY,Urea Nitrogen,UREAN,MOUSE,BALB/C,F,16.89,2.73,mg/dL,9
CLINICAL CHEMISTRY,Urea Nitrogen,UREAN,MOUSE,BALB/C,M,20.5,2.75,mg/dL,14
CLINICAL CHEMISTRY,Urea Nitrogen,UREAN,MOUSE,C57BL/6,F,17.95,5.76,mg/dL,56
CLINICAL CHEMISTRY,Urea Nitrogen,UREAN,MOUSE,C57BL/6,M,21.33,4.96,mg/dL,84
CLINICAL CHEMISTRY,Urea Nitrogen,UREAN,MOUSE,CB6F1-TGN (RASH2),F,18.81,5.29,mg/dL,36
CLINICAL CHEMISTRY,Urea Nitrogen,UREAN,MOUSE,CB6F1-TGN (RASH2),M,21.17,5.77,mg/dL,47
CLINICAL CHEMISTRY,Urea Nitrogen,UREAN,RABBIT,NEW ZEALAND,F,20.85,5.71,mg/dL,65
CLINICAL CHEMISTRY,Urea Nitrogen,UREAN,RABBIT,NEW ZEALAND,M,16.91,4.03,mg/dL,65
CLINICAL CHEMISTRY,Urea Nitrogen,UREAN,RAT,SPRAGUE-DAWLEY,F,14.47,4.79,mg/dL,3021
CLINICAL CHEMISTRY,Urea Nitrogen,UREAN,RAT,SPRAGUE-DAWLEY,M,12.96,4.26,mg/dL,3107
CLINICAL CHEMISTRY,Urea Nitrogen,UREAN,RAT,WISTAR HAN,F,16.88,4.44,mg/dL,670
CLINICAL CHEMISTRY,Urea Nitrogen,UREAN,RAT,WISTAR HAN,M,15.07,4.29,mg/dL,691
CLINICAL CHEMISTRY,Urea Nitrogen/Creatinine,UREANCRT,DOG,BEAGLE,F,14.88,9.57,RATIO,122
CLINICAL CHEMISTRY,Urea Nitrogen/Creatinine,UREANCRT,DOG,BEAGLE,M,14.82,10.74,RATIO,124
CLINICAL CHEMISTRY,Urea Nitrogen/Creatinine,UREANCRT,MONKEY,CYNOMOLGUS,F,24.36,16.08,RATIO,116
CLINICAL CHEMISTRY,Urea Nitrogen/Creatinine,UREANCRT,MONKEY,CYNOMOLGUS,M,21.04,11.1,RATIO,106
CLINICAL CHEMISTRY,Urea Nitrogen/Creatinine,UREANCRT,RAT,SPRAGUE-DAWLEY,F,20.65,6.53,RATIO,78
CLINICAL CHEMISTRY,Urea Nitrogen/Creatinine,UREANCRT,RAT,SPRAGUE-DAWLEY,M,20.66,4.61,RATIO,60
CLINICAL CHEMISTRY,Urea Nitrogen/Creatinine,UREANCRT,RAT,WISTAR HAN,F,21.75,3.31,RATIO,55
CLINICAL CHEMISTRY,Urea Nitrogen/Creatinine,UREANCRT,RAT,WISTAR HAN,M,21.62,3.43,RATIO,60
